{
  "total_analyzed": 372,
  "level0_validated": 189,
  "level0_rejected": 183,
  "total_suspects": 197,
  "detection_rate_percent": 52.956989247311824,
  "avg_time_ms": 79.50564417787777,
  "max_time_ms": 308.72297286987305,
  "total_fact_check_candidates": 411
}